id,protocol,prefix
1,IPv4,200.61.194.0/24
864,IPv4,200.0.17.0/24
676,IPv6,2001:13c7:6001::/48
234,IPv4,198.32.240.0/24
200,IPv4,203.34.35.0/24
195,IPv4,198.32.230.0/24
196,IPv4,198.32.231.0/24
197,IPv4,198.32.234.0/24
390,IPv4,218.100.1.0/24
199,IPv4,
866,IPv4,218.100.78.0/24
936,IPv6,2001:7fa:11:1::/64
545,IPv4,198.32.212.0/24
194,IPv6,
198,IPv4,198.32.232.0/24
2,,
1273,IPv4,45.127.172.0/22
1274,IPv6,2001:de8:6::/64
425,IPv4,202.167.228.0/24
417,IPv4,218.100.0.0/24
717,IPv6,2001:7FA:9::
925,IPv4,193.105.214.0/24
926,IPv6,2001:7f8:71::
807,IPv4,193.203.0.0/23
718,IPv6,2001:0628:04fe::/64
3,IPv4,
872,IPv4,198.32.167.0/24
1351,IPv6,
817,IPv4,194.53.172.0/24
617,IPv6,2001:7f8:26::/64
350,IPv4,194.53.172.0/25
488,IPv4,195.85.203.0/24
489,IPv6,2001:7f8:1b::
869,IPv4, 200.219.139.0/24
937,IPv6,2001:12f8:0:3::/64
871,IPv4,200.192.110.0/24
1324,IPv6, 2001:12f8:0:13::/64
841,IPv4,200.219.140.0/24
967,IPv6,2001:12f8:0:4::/64
885,IPv4,200.219.141.0/24
1325,IPv6, 2001:12f8:0:5::/64
468,IPv4,200.219.143.0/24
469,IPv6,2001:12f0:300:1/48
191,IPv4,200.185.100.0/24
4,,
5,,
6,,
504,IPv4,200.185.4.0/24
296,IPv4,198.32.122.0/24
1329,IPv6, 2001:478:122::/64
792,IPv4,187.16.216.0/22
750,IPv6,2001:12f8:0:0000::/64
505,IPv4,
7,,
8,,
511,IPv4,
193,IPv4,198.32.156.0/24
262,IPv4,
897,IPv4,198.32.235.0/24
761,IPv6,2001:478:235::/64
572,IPv4,198.133.49.0/24
814,IPv4,206.108.34.0/23
255,IPv6,2001:0504:001A::34:0/111
719,IPv4,
763,IPv4,192.168.173.0/24
9,,
10,IPv4,
11,,
12,,
13,IPv4,
14,,
15,,
408,IPv4,206.223.124.0/24
1332,IPv6,2001:13c7:6000::/64
16,,
859,IPv4,185.1.87.0/24
966,IPv6,2001:7f8:28::/48
757,IPv4,
17,IPv4,200.0.16.0/24
476,IPv4,
18,,
801,IPv4,91.210.16.0/22
356,IPv6,2001:7f8:14::
829,IPv4,192.38.7.0/24
506,IPv6,2001:07F8:001F::/48
893,IPv4, 200.110.120.0/24
364,IPv6,2001:13C7:6F40::/48
860,IPv4, 200.1.6.0/24
363,IPv6,2001:13C7:6F00::/48
622,IPv4,81.21.96.0/24
326,IPv6,2001:4300:96::/48
19,IPv4,195.234.168.0/24
477,IPv4,
787,IPv4,195.66.224.0/22
756,IPv4,195.66.236.0/22
20,IPv6,2001:7F8:4::/64
190,IPv4,195.66.230.0/24
460,IPv4,193.109.219.0/24
461,IPv6,2001:07f8:5::205a:
822,IPv4,5.57.80.0/22
273,IPv6,2001:7f8:17::/48
260,IPv6,
22,IPv4,217.79.160.0/23
23,IPv6,2001:07f8:0001:0001::/64
746,IPv4,212.121.34.0/24
1557,IPv4,194.116.188.0/23
204,IPv6,2001:7f8:15::/48
634,IPv4,212.47.215.0/24
422,IPv6,
751,IPv4,193.110.224.0/24
498,IPv6,2001:7f8:7:1::/64
499,IPv6,2001:7f8:7:b::/64
496,IPv4,193.110.224.0/24
497,IPv4,
875,IPv4,195.140.192.0/24
254,IPv6,2001:7f8:1d:4::/64
851,IPv4,77.95.71.0/24
623,IPv6,2001:7f8:47:47::/64
663,IPv4,213.228.3.0/24
677,IPv4,198.32.148.0/24
271,IPv4,
209,IPv4,194.68.129.0/24
370,IPv4,
24,IPv4,198.32.247.0/24
297,IPv4,198.32.246.0/24
968,IPv6,2001:7F8:2D::/48
835,IPv4,194.68.129.0/24
358,IPv6,2001:7f8:4e:2::/64
664,IPv4,62.35.254.0/24
665,IPv6,2001:860:0:6::
826,IPv4,193.178.185.0/24
969,IPv6,2001:7F8:19:1::/64
265,IPv4,
774,IPv4,194.9.117.0/24
1138,IPv6,2001:7f8:8:5::/64
605,IPv4,194.146.118.0/24
308,IPv6,2001:7F8:8::/64
293,IPv4,80.81.200.0/24
632,IPv4,80.81.192.0/21
357,IPv6,2001:7f8::/64
25,IPv4,194.31.232.0/24
678,IPv4,192.67.199.0/24
26,,
852,IPv4,62.208.162.0/24
775,IPv6,2001:7f8:2c:2000::/64 
27,IPv4,
827,IPv4,80.81.203.0/24
1315,IPv6,2001:7f8:3d::/64
282,IPv4,213.238.34.0/24
838,IPv4,194.59.190.0/24
441,IPv6,2001:7f8:2c:1000::/64
28,IPv4,194.112.112.0/24
371,IPv4,
29,IPv4,
402,IPv4,195.85.217.0/24
304,IPv6,2001:7f8:29:1::
752,IPv4,196.201.2.0/24
842,IPv4,176.126.38.0/25
941,IPv6,2001:7f8:6e::/64
30,IPv4,
31,IPv6,
32,IPv6,
794,IPv4,202.40.160.0/23
368,IPv6,2001:7FA:0:1::/64
1275,IPv4,123.255.88.0/21
33,IPv4,
34,,
809,IPv4,193.188.137.0/24
382,IPv6,2001:7f8:35::/64
867,IPv4,195.130.211.0/26
970,IPv6,2001:7f8:48::/64
35,,
36,IPv4,
843,IPv4,218.100.48.64/26
938,IPv6, 2001:de8:1:1::/64
736,IPv4,218.100.48.0/26
939,IPv6,2001:de8:1::/64
754,IPv4,218.100.48.128/26
755,IPv4,
1337,IPv6,2001:de8:1:2::/64
909,IPv4,218.100.48.192/26
1338,IPv6, 2001:de8:1:5::/64
37,,
38,,
537,IPv4,198.32.202.0/24
539,IPv4,198.32.203.0/24
540,IPv4,198.32.204.0/24
541,IPv4,198.32.205.0/24
584,IPv4,103.28.74.0/23
39,IPv6,2001:7FA:2::/64
40,IPv4,119.11.184.0/24
515,IPv4,
42,IPv4,218.100.4.0/24
971,IPv6,
43,,
662,IPv4,194.88.240.0/25
1250,IPv4,185.6.36.0/23
618,IPv6,2001:7f8:18::/48
236,IPv6,2001:7f8:18:12:/48
661,IPv4,193.242.111.0/25
237,IPv4,193.1.208.192/26
762,IPv4,192.114.62.0/24
1615,IPv6,2001:7f8:3b::/64
811,IPv4,217.29.66.0/24
435,IPv6, 2001:7f8:b:100::/64
44,IPv4,
45,,
836,IPv4,193.201.40.0/24
300,IPv6,2001:7f8:10::/48
832,IPv4,194.116.96.0/24
352,IPv6,2001:7f8:23:ffff::/64
372,IPv4,
770,IPv4,
381,IPv4,
972,IPv6,
46,IPv4,
366,IPv4,103.246.232.0/24
1549,IPv6,2001:de8:8:6::/64
820,IPv4,
944,IPv6,
210,IPv4,202.249.2.0/24
214,IPv4,
973,IPv6,2001:200:0:FE10::/64
804,IPv4,210.171.224.0/24
246,IPv6,2001:de8:8::/64
793,IPv4,
47,IPv6,
48,,
49,IPv4,
327,IPv4,202.249.2.0/24
1346,IPv6,2001:200:0:fe00::/64
328,IPv6,3ffe:501:0:1800:200:f8ff:fe1f:7490
50,,
51,IPv4,218.100.6.0/24
974,IPv6,2001:0DE8:000C::/64
351,IPv4,
52,IPv4,218.100.7.0/24
975,IPv6,2001:de8:c:2::/48
53,IPv4,
54,IPv4,
1055,IPv6,
268,IPv4,218.100.6.0/24
269,IPv4,203.190.230.0/25
976,IPv6,2001:DE8:5::/64
928,IPv4,196.223.21.0/24
621,IPv6,2001:43f8:0060::/48
453,IPv6,
55,IPv4,198.32.209.0/24
340,IPv4,198.32.209.0/24
810,IPv4,192.145.251.0/24
251,IPv6,2001:7FA:8::/64
679,IPv4,
56,IPv4,
57,,
341,IPv4,
429,IPv4,193.168.127.0/24
303,IPv6,2001:7f8:11::
58,,
59,IPv4,
272,IPv4,
345,IPv4,196.223.0.0/24
1202,IPv6,2001:43f8:270:d0d0::/64
373,IPv4,
405,IPv4,196.223.33.0/24
1349,IPv6,
892,IPv4,198.32.231.0/24
1044,IPv6,2404:2C00:FFFF:E::/64
1109,IPv4,80.249.208.0/21
603,IPv6,2001:7f8:1::/64
602,IPv4,195.69.144.0/22
189,IPv4,193.148.15.0/24
346,IPv4,195.69.144.0/24
347,IPv4,195.69.145.0/24
60,IPv4,
61,IPv4,193.108.98.0/24
1341,IPv6, 2001:7f8:e::/64
615,IPv4,193.111.172.0/24
212,IPv6,2001:7f8:31::/48
641,IPv4,192.203.154.0/24
266,IPv6,2001:07FA:0004::/48
355,IPv4,218.100.24.0/24
977,IPv6,2001:7fa:3:5f44::/64
467,IPv4,218.100.23.0/24
62,IPv4,218.100.25.0/24
643,IPv4,218.100.21.0/24
63,,
466,IPv4,218.100.26.0/24
642,IPv4,202.7.0.0/23
267,IPv6,2001:7fa:3:ca07::/64
908,IPv4,
396,IPv4,198.32.151.0/24
825,IPv4,193.156.90.0/24
493,IPv6,2001:7F8:12:1::/64
491,IPv4,193.156.120.0/24
387,IPv4,
240,IPv4,200.46.153.8/30
311,IPv4,198.32.210.0/24
64,,
431,IPv4,
464,IPv4,
471,IPv4,206.223.130.0/24
322,IPv4,
274,IPv4,202.0.91.0/24
245,IPv4,
557,IPv4,195.85.195.0/24
834,IPv4,193.136.250.0/24
65,IPv6,2001:7f8:a:1::/64
66,IPv4,193.136.251.96/27
1574,IPv6,2001:7f8:a:11::/64
205,IPv4,
844,IPv4,217.156.113.0/24
638,IPv4,194.85.107.0/24
415,IPv6,2001:7F8:20:301::107:0
650,IPv4,193.232.244.0/24
940,IPv6,2001:7f8:20:101::/64
639,IPv4,193.232.87.0/24
377,IPv6,2001:7F8:20:401::87:0
764,IPv4,193.232.135.0/24
978,IPv6,2001:7F8:20:601::/64
206,IPv4,
644,IPv4,194.85.177.0/24
376,IPv6,2001:7f8:20:201::/64
321,IPv4,
67,,
480,IPv4,213.148.192.0/24
481,IPv4,
68,,
69,IPv4,
403,IPv4,198.32.141.0/24
979,IPv6,2001:de8:d::/64
70,IPv4,
823,IPv4,192.108.148.0/24
512,IPv6,2001:7F8:2F::/64
508,IPv4,
831,IPv4,193.2.141.0/24
934,IPv6, 2001:7f8:46::/64
873,IPv4,196.223.22.0/24
980,IPv6,2001:43f8:1f1::/64
286,IPv4,
465,IPv4,192.42.99.128/25
1155,IPv4,196.223.14.0/24
1156,IPv6,2001:43f8:1f0::/64
850,IPv4,198.32.142.0/24
284,IPv6,2001:0478:
71,,
870,IPv4,193.242.98.0/24
250,IPv6,2001:7f8:2a::/64
737,IPv4,
806,IPv4,193.149.1.0/24
1518,IPv4,185.79.175.0/24 
1623,IPv6,2001:7f8:f::/64
981,IPv6,2001:7F8:f:1::/64
727,IPv4,195.245.196.0/24
740,IPv4,193.227.132.0/24
982,IPv6,
728,IPv4,193.149.0.0/23
459,IPv4,192.168.170.0/24
458,IPv4,192.168.169.0/24
72,IPv4,
680,IPv4,203.143.4.0/27
1362,IPv6,
336,IPv4,198.180.153.0/24
745,IPv4,198.32.174.0/24
856,IPv4,194.68.130.0/24
74,IPv6, 2001:7f8:d:100::/64
73,IPv4,194.68.135.0/24
379,IPv4,194.68.130.0/24
75,IPv4,
681,IPv4,
899,IPv4,194.68.131.64/26
1363,IPv6,2001:7f8:d:400::/64
360,IPv4,194.68.131.0/24
440,IPv4,194.68.131.0/24
76,IPv6,
798,IPv4,194.68.123.0/24
288,IPv4,194.68.128.0/24
77,IPv4,195.245.240.0/24
1191,IPv4,195.69.119.0/24
78,IPv6,2001:7f8:d:fb::/64
1192,IPv6,2001:7f8:d:fc::/64
1193,IPv6,2001:7f8:d:fe::/64
1194,IPv6,2001:7f8:d:ff::/64
278,IPv4,194.68.132.0/24
845,IPv4,193.110.12.0/24
79,IPv6,2001:7f8:21:9::/64
861,IPv4,194.68.133.0/24
983,IPv6,2001:7f8:d:300::/64
903,IPv4,
877,IPv4,192.65.185.0/24
305,IPv6,2001:7F8:1C:24A::/64
80,IPv4,198.32.208.0/24
81,,
824,IPv4,91.206.52.0/23
432,IPv6,2001:7f8:24::/48
389,IPv4,194.242.34.0/24
279,IPv4,
462,IPv4,194.42.48.0/24
258,IPv6,2001:7f8:c:8235:194:42:48:0/112
187,IPv4,203.163.222.0/24
984,IPv6,2406:d400:1:133:203:163:222:0/112
399,IPv4,210.62.255.0/24
82,IPv6,
188,IPv4,
538,IPv4,198.32.222.0/24
83,,
753,IPv4,196.223.5.0/24
555,IPv6,2001:43f8::/64
84,IPv4,198.32.213.0/24
85,IPv4,61.19.60.0/23
1527,IPv6,2001:c38:8000::/64
86,IPv4,
87,,
337,IPv4,185.1.132.0/24
1602,IPv6,2001:7f8:d6::/48
902,IPv4,196.223.25.0/25
487,IPv6,2001:43f8:0130::0/112
486,IPv4,194.153.153.0/25
805,IPv4,195.35.65.0/24
1365,IPv6, 2001:7f8:5d::/116
88,IPv4,195.5.49.0/24
89,IPv4,
90,IPv4,
683,IPv4,208.50.192.0/24
682,IPv6,2001:450:2007::/48
91,,
789,IPv4,206.126.236.0/22
449,IPv4,206.223.115.0/24
227,IPv4,206.223.137.0/24
1368,IPv6,2001:504:0:2::/64
808,IPv4,198.32.132.0/24
259,IPv6,2001:478:132::/64
92,,
743,IPv4,198.32.139.0/24
93,IPv4,198.32.181.0/24
94,IPv4,198.32.182.0/24
95,IPv4,198.32.183.0/24
985,IPv6,2001:504:10::/64
313,IPv4,198.32.196.0/24
314,IPv4,198.32.197.0/24
312,IPv4,198.32.174.0/24
684,IPv4,198.32.188.0/24
96,,
374,IPv4,198.32.249.0/24
625,IPv4,198.32.178.0/24
410,IPv6,2001:478:178::
97,IPv4,198.32.111.0/24
98,IPv4,198.32.112.0/24
99,IPv4,198.32.113.0/24
207,IPv4,206.220.240.0/24
208,IPv4,206.220.241.0/24
685,IPv4,198.32.130.0/24
686,IPv4,206.220.242.0/24
687,IPv4,206.220.243.0/24
688,IPv6,3ffe:3900:1::/64
342,IPv4,208.115.136.0/23
986,IPv6,2001:504:0:4::/64
228,IPv4,206.223.138.0/24
100,IPv4,198.32.140.0/24
101,IPv4,206.223.120.0/24
102,IPv4,206.223.121.0/24
103,IPv4,206.223.122.0/24
444,IPv4,206.220.240.0/24
401,IPv4,206.220.241.0/24
1316,IPv6,
343,IPv4,198.32.244.0/24
689,IPv4,206.82.108.0/24
1575,IPv6,2001:504:94::/64
690,IPv4,
104,,
691,IPv4,198.32.226.0/24
218,IPv4,206.223.118.0/24
1471,IPv6,2001:504:0:5::/64
105,IPv4,206.223.103.0/24
106,IPv4,206.223.114.0/24
107,IPv4,
108,IPv4,198.32.139.0/24
201,IPv4,198.32.114.0/24
202,IPv4,198.32.116.0/24
203,IPv4,198.32.115.0/24
221,IPv4,206.223.125.0/24
109,IPv4,
447,IPv4,198.32.216.0/24
448,IPv4,198.32.217.0/24
110,IPv4,198.32.102.0/24
111,IPv4,198.32.103.0/24
112,IPv4,198.32.104.0/24
113,IPv4,198.32.162.0/24
114,IPv4,198.32.163.0/24
457,IPv4,205.166.205.0/24
942,IPv6,
115,IPv4,198.32.228.0/24
116,,
692,IPv4,
117,IPv4,198.32.150.0/24
225,IPv4,206.223.129.0/24
118,,
693,IPv6,3ffe:0808::/48
375,IPv4,198.32.248.0/24
119,IPv4,
924,IPv4,198.32.146.0/24
253,IPv6,2001:504:a::/64
120,IPv4,198.32.146.0/24
121,IPv4,198.32.129.0/24
219,IPv4,
122,IPv4,198.32.241.0/24
123,IPv4,198.32.242.0/24
124,IPv4,198.32.243.0/24
125,,
126,,
411,IPv4,144.92.233.224/28
943,IPv6, 2607:f388:0:2200::/64
309,IPv4,198.32.16.0/24
224,IPv4,206.223.128.0/24
310,IPv4,198.32.252.0/24
409,IPv4,198.32.124.0/23
987,IPv6,2001:478:124::/48
129,IPv4,198.32.99.0/24
127,IPv4,198.32.100.0/24
128,IPv4,198.32.101.0/24
244,IPv4,
130,IPv4,198.9.201.0/24
131,IPv4,198.32.136.0/24
132,IPv4,198.32.184.0/24
133,IPv4,198.32.152.0/24
988,IPv6,
134,IPv4,
135,IPv4,198.32.168.0/24
136,IPv4,198.32.169.0/24
137,IPv4,198.32.42.0/24
138,IPv4,198.32.224.0/24
694,IPv6,3ffe:080c::/48
226,IPv4,206.223.131.0/24
230,IPv4,206.197.169.0/24
139,IPv4,198.32.166.0/24
695,IPv4,198.32.138.0/24
451,IPv4,198.32.160.0/24
989,IPv6,2001:504:1::/64
400,IPv4,198.32.238.0/24
140,IPv6,2001:0458:0026:2::/64
141,IPv4,198.32.161.0/24
142,IPv4,198.32.117.0/24
143,IPv4,198.32.118.0/24
144,IPv4,198.32.119.0/24
145,IPv4,198.32.220.0/24
146,IPv4,198.32.175.0/24
147,IPv4,198.32.177.0/24
241,IPv4,198.32.176.0/24
990,IPv6,2001:504:d::/64
148,IPv4,192.157.69.0/24
149,IPv4,198.32.105.0/24
150,IPv4,198.32.106.0/24
151,IPv4,198.32.107.0/24
656,IPv4,206.126.228.0/24
657,IPv6,2001:504:32:0::/64
658,IPv6,2001:504:32:1::/64
659,IPv6,2001:504:32:2::/64
660,IPv6,2001:504:32:3::/64
215,IPv4,198.32.158.0/24
152,IPv4,
330,IPv4,198.32.194.0/24
404,IPv4,198.32.195.0/24
1028,IPv6,2001:478:195::/64
153,IPv4,198.32.196.0/24
696,IPv4,198.32.164.0/24
154,IPv4,198.32.206.0/24
155,IPv4,198.32.108.0/24
156,IPv4,198.32.109.0/24
157,IPv4,198.32.110.0/24
158,IPv4,198.17.46.0/24
192,IPv4,198.32.238.0/24
159,IPv4,
160,IPv4,198.32.128.0/24
217,IPv4,206.223.116.0/24
233,IPv4,
1369,IPv6,2001:504:0:1::/64
161,IPv4,198.32.200.0/24
162,IPv6,3ffe:080d::/48
163,IPv4,198.32.154.0/24
164,IPv4,198.32.40.0/24
165,IPv4,198.32.133.0/24
166,IPv4,198.32.134.0/24
167,IPv4,198.32.135.0/24
991,IPv6,2001:504:12::/64
802,IPv4,206.81.80.0/23
1176,IPv6,2001:504:16::/64
398,IPv4,198.32.180/24
637,IPv6,2001:478:180::/64
168,IPv4,198.32.170.0/24
169,IPv4,198.32.171.0/24
170,IPv4,206.223.117.0/24
171,IPv4,
172,,
1406,IPv4,206.71.10.0/24
428,IPv6,2001:504:45:10::/64
173,IPv4,
174,IPv4,198.32.132.0/24
175,IPv4,198.32.7.0/24
277,IPv4,198.32.236.0/24
176,IPv4,
177,IPv4,
178,IPv4,198.32.190.0/24
179,IPv4,198.32.191.0/24
180,IPv4,198.32.192.0/24
945,IPv6,2001:504:e::/64
181,IPv4,192.41.177.0/24
182,IPv4,198.32.186.0/24
183,IPv4,198.32.187.0/24
315,IPv4,198.32.250.0/24
610,IPv4,
946,IPv6,
463,IPv4,218.100.10.0/24
427,IPv6,
184,IPv4,218.100.14.0/24
185,IPv6,
186,IPv4,
438,IPv4,192.168.179.0/24
318,IPv4,206.197.187.0/24
749,IPv6,2001:504:30::/64
593,IPv4,206.72.210.0/23
614,IPv4,206.223.143.0/24
703,IPv6,2001:504:13::/64
592,IPv4,
420,IPv4,218.100.3.0/24
1317,IPv6,2001:7FA:C::/48
418,IPv4,218.100.12.0/24
419,IPv4,218.100.13.0/24
307,IPv6,2001:7FA:E::
395,IPv4,218.100.19.0/24
421,IPv4,218.100.2.0/24
306,IPv6,2001:7FA:B::
828,IPv4,45.6.52.0/22
947,IPv6,2001:12f8:0:2::/64
1272,IPv4,27.111.228.0/22
949,IPv6,2001:DE8:4::/64
354,IPv4,202.79.197.0/24
220,IPv4,206.223.123.0/24
950,IPv6,2001:504:0:3::/64
229,IPv4,206.223.142.0/24
413,IPv4,196.223.28.0/24
1333,IPv6,2001:43f8:3c0::/48
671,IPv4,198.32.198.0/24
709,IPv4,
283,IPv4,85.31.223.0/24
647,IPv4,
882,IPv4,
797,IPv4,195.182.218.0/23
951,IPv6,2001:7f8:42::/64
243,IPv4,
620,IPv4,217.117.187.0/24
952,IPv6,
242,IPv4,
479,IPv4,
482,IPv4,193.25.170.0/23
697,IPv4,
907,IPv4,198.32.172.0/24
1352,IPv6,
211,IPv4,196.223.1.0/24
730,IPv4,196.223.36.0/24
535,IPv4,196.223.2.0/24
536,IPv6,2001:43f8:140::/64
213,IPv4,
626,IPv4,193.189.82.0/23
252,IPv6,2001:7f8:33::/48
507,IPv4,195.137.179.0/24
256,IPv6,
747,IPv4,
790,IPv4,193.239.116.0/22
1179,IPv4,194.246.39.224/27
232,IPv6,2001:7f8:13::/64
698,IPv4,194.153.159.192/26
865,IPv4,194.30.187.0/24
1361,IPv6,2001:7f8:91::/64
216,IPv4,134.202.255.0/24
222,IPv4,206.223.126.0/24
223,IPv4,206.223.127.0/24
369,IPv4,
231,IPv4,206.197.210.0/24
1551,IPv6,2606:7c80:3375:50::/64
456,IPv4,196.223.7.0/24
710,IPv4,
235,IPv4,
299,IPv4,218.100.44.0/24
959,IPv6,2001:de8:10::/48
699,IPv4,196.223.6.0/25
287,IPv6,2001:43f8:0:100::/64
348,IPv4,198.32.179.192/27
349,IPv4,198.32.179.192/27
443,IPv4,195.60.89.0/25
958,IPv6,2001:7f8:5e::/64
927,IPv4,81.201.48.192/26
631,IPv4,196.216.148.0/24
238,IPv4,200.0.18.0/24
239,IPv6,2001:12f8:3::/48
701,IPv4,69.51.84.0/25
700,IPv4,69.51.84.128/25
485,IPv4,
478,IPv4,195.60.84.128/25
837,IPv4,194.50.181.128/25
957,IPv6,2001:7f8:3e::/48
667,IPv4,80.67.175.0/24
666,IPv6,2001:910:ff::
454,IPv6,2001:7f8:25:1::
365,IPv4,195.140.149.128/25
407,IPv4,206.51.7.0/25
956,IPv6,2001:504:1B:1::/64
247,IPv4,
248,IPv6,
249,IPv6,
913,IPv4,198.32.157.0/24
257,IPv6,2001:7F8:52::/64
652,IPv4,196.223.4.128/26
423,IPv4,206.126.116.0/24
955,IPv6,
748,IPv4,193.189.129.0/22
439,IPv4,193.138.31.0/24
954,IPv6,2001:504:16::/48
378,IPv4,185.1.14.0/24
1064,IPv6,2001:7f8:79::/64
711,IPv4,
712,IPv4,
713,IPv4,
558,IPv4,
560,IPv4,
261,IPv4,198.32.167.0/24
714,IPv4,
895,IPv4,196.223.12.128/25
1284,IPv6,2001:43F8:150::/64
616,IPv4,91.198.176.0/24
953,IPv6,2001:7f8:41::/48
624,IPv4,91.194.218.0/24
960,IPv6,2001:7f8:61::/64
833,IPv4,86.104.125.0/24
1251,IPv6,2001:7f8:64:225::/48
263,IPv4,
264,IPv4,
392,IPv4,119.27.63.0/24
961,IPv6,2001:DE8:7::/64
270,IPv4,80.67.163.0/24
406,IPv4,194.165.32.0/24
1047,IPv4,193.243.183.64/26
1048,IPv6,2001:7f8:53::/48
393,IPv4,193.243.183.64/26
384,IPv4,
316,IPv4,
1408,IPv4,206.108.114.0/24
275,IPv4,
830,IPv4,218.100.45.0/24
962,IPv6,2001:7fa:7:3::/64
883,IPv4,193.34.203.0/24
1366,IPv6,
276,IPv4,
898,IPv4,218.100.41.0/24
329,IPv4,
846,IPv4,
813,IPv4,212.91.0.0/22
630,IPv6,2001:7f8:60::/48
280,IPv4,
784,IPv4,206.51.33.0/24
281,IPv4,193.219.13.64/26
1622,IPv6,2001:778:0:1001::/64
581,IPv4,206.51.43.0/24
582,IPv6,2001:504:13:4:0:0:0:0/64
397,IPv4,196.223.1.0/24
285,IPv4,
868,IPv4,194.107.117.0/24
436,IPv4,198.32.186.0/24	
963,IPv6,2001:478:186::/64
289,IPv4,
290,IPv4,202.97.10.0/24
291,IPv4,
668,IPv4,78.41.189.128/26
725,IPv4,206.223.127.0/24
726,IPv6,2001:504:19:1::/64
722,IPv4,206.223.127.0/24
721,IPv6,2001:504:19::/64
702,IPv4,
292,IPv4,
394,IPv4,200.0.18.0/24
362,IPv6,2001:13c7:6003::/48
294,IPv4,191.97.88.0/21
295,IPv4,208.115.128.0/24
1521,IPv6,2001:504:0:10::/64
896,IPv4,200.0.22.0/23
325,IPv6,2001:13c7:6002::/48
556,IPv4,200.0.20.0/24
1319,IPv6,2001:7f8:1::/64
430,IPv4,
317,IPv4,218.100.54.128/25
298,IPv6,2001:0DE8:0009::/48
874,IPv4, 200.219.145.0/24
964,IPv6,2001:12f8:0:8::/64
921,IPv4,218.100.49.0/26
1339,IPv6, 2001:de8:1:4::/64
912,IPv4,218.100.49.64/26
918,IPv4,218.100.49.128/26
301,IPv4,
302,IPv4,
361,IPv4,196.223.27.0/24
646,IPv4,193.232.136.0/24
1252,IPv6,2001:7f8:20:701::/64
645,IPv4,193.232.140.0/24
416,IPv6,2001:7F8:20:501::140:0
612,IPv4,193.42.155.0/24
1139,IPv6,2001:7f8:8:10::/64
319,IPv4,91.206.135.0/24
320,IPv4,91.206.134.0/24
338,IPv4,195.82.138.0/23
339,IPv6,2001:7f8:4f::/48
323,IPv4,
324,IPv4,206.53.143.0/24
1195,IPv6,2001:504:47::/64
768,IPv4,200.219.144.0/24
994,IPv6,2001:12f8:0:7::/64
878,IPv4,200.219.146.0/24
995,IPv6,2001:12f8:0:9::/64
863,IPv4,200.219.143.0/24
769,IPv6,2001:12f8:0:6::/64
648,IPv4,195.42.144.0/23
649,IPv6,2001:7F8:43::/64
627,IPv4,91.213.73.0/24
332,IPv4,195.60.82.64/26
331,IPv6,2001:7f8:4d::/48
333,IPv4,
334,IPv4,
673,IPv4,200.136.37.0/24
335,IPv4,
344,IPv4,
800,IPv4,37.49.236.0/23
547,IPv6,2001:7f8:54::/64
619,IPv4,95.140.128.0/23
996,IPv6,2001:7f8:5f:ffff::/64
353,IPv4,82.193.63.0/24
509,IPv4,185.1.19.0/26
935,IPv6,2001:7F8:7D::/64
816,IPv4,193.169.198.0/23
1330,IPv6, 2001:7f8:58::/48
839,IPv4,206.126.115.0/24
359,IPv6,2001:504:17:115::/64
549,IPv4,198.32.120.0/24
998,IPv6,
1071,IPv4,217.174.157.0/24
821,IPv4,185.1.30.0/24
999,IPv6,2001:7f8:8e::11/118
724,IPv4,206.223.127.0/24
723,IPv6,2001:504:19:2::/64
606,IPv4,200.0.19.0/24
1163,IPv6,2001:13c7:6007::/48
767,IPv4, 200.192.108.0/24
437,IPv6,2001:12f8:0:11::/64
911,IPv4,200.219.147.0/24
1000,IPv6,2001:12f8:0:10::/64
1081,IPv4,206.126.114.0/24	
1133,IPv6,2001:504:17:114::/64
929,IPv4,
628,IPv4,194.190.119.0/24
414,IPv6,2001:7f8:20:801::119:0
380,IPv4,193.37.144.0/24
367,IPv6,2001:7f8:4a::/48
604,IPv4,91.213.236.0/24
1286,IPv6,2001:7f8:68::/48
670,IPv4,
1058,IPv6,
779,IPv4,91.234.18.0/24
781,IPv4,91.217.231.0/24
778,IPv6,2001:7F8:67:0::/64
780,IPv6,2001:7F8:67:9::/64
525,IPv4,92.60.70.0/24
1001,IPv6,2A01:658:FFFF::/48
840,IPv4,188.93.170.0/23
424,IPv6,2001:7F8:4C::/48
758,IPv4,195.246.227.0/24
1002,IPv6, 2001:7f8:16::/64
1078,IPv4,
1050,IPv4,
799,IPv4,193.25.180.255/23
1003,IPv6,2001:7f8:63::/48
1175,IPv4,
854,IPv4,193.34.200.0/24
1004,IPv6,
923,IPv4,194.117.52.0/24
524,IPv4,119.110.117.0/24
522,IPv6,2404:c000:4004::/64
520,IPv4,119.110.115.0/24
521,IPv4,119.110.118.0/24
523,IPv4,119.110.116.0/23
516,IPv4,218.100.56.0/24
517,IPv6,2001:7fa:3:b0df::/48
1239,IPv4,206.108.255.0/24
1240,IPv6,2001:504:27::/64
452,IPv4,69.147.218.0/24
445,IPv6,2607:fe10:ffff
383,IPv4,202.128.12.0/26
1005,IPv6,
795,IPv4,
1357,IPv6,
788,IPv4,
1356,IPv6,
858,IPv4,80.81.202.0/24
1336,IPv6,2001:7f8:44::/64
853,IPv4,103.16.102.0/23
514,IPv6,2001:de8:12:100::/64
791,IPv4,
1006,IPv6,
890,IPv4, 200.192.109.0/24
1007,IPv6,2001:12f8:0:12::/64
886,IPv4, 200.192.111.0/24
1326,IPv6,2001:12f8:0:14::/64
385,IPv4,172.16.96.0/24
386,IPv4,172.16.97.0/24
388,IPv4,218.100.85.0/24
906,IPv4,206.223.120.0/24
391,IPv6,2001:504:18::/64
633,IPv4,206.126.244.0/24
1046,IPv6,2001:1808:1:1::/64
742,IPv4,
857,IPv4,196.60.8.0/23
1008,IPv6, 2001:43f8:6d0::/64
881,IPv4,196.10.140.0/24
1009,IPv6,2001:43F8:6D1::/64
729,IPv4,196.223.20.0/24
920,IPv4,206.72.208.0/24
601,IPv6,2001:504:26::/64
446,IPv4,206.123.7.0/24
847,IPv4,103.247.139.0/24
412,IPv6,2001:df0:296::/64
862,IPv4,195.66.244.0/24
550,IPv6,2001:7f8:4:2::/64
855,IPv4,185.1.8.0/24
674,IPv6,2001:7f8:73::/64
433,IPv4,206.108.236.0/24
434,IPv6,2001:504:24:1::/64
426,IPv4,185.1.27.0/24
1010,IPv6,2001:7f8:1e::/64
916,IPv4,196.223.30.0/24
442,IPv6,2001:43f8:01f2::/64
583,IPv4,206.53.141.0/27
1343,IPv6,
450,IPv4,213.184.52.0/24
490,IPv6,2001:7F8:50:1::/64
470,IPv4,103.25.228.0/24
1045,IPv6,2001:dec:0:1::/64
585,IPv4,77.95.71.0/24
672,IPv4,77.95.71.0/24
1063,IPv6,2001:7f8:47:47::/64
455,IPv4,
759,IPv4,194.85.177.0/24
1011,IPv6,
760,IPv4,80.97.248.0/24
1355,IPv6,2a02:d10:80::/64
576,IPv4,200.14.37.0/24
1165,IPv6,2001:13c7:6009::/48
910,IPv4,200.14.75.0/24
1169,IPv6,2001:13c7:600e::/48
577,IPv4,200.14.39.0/24
1168,IPv6,2001:13c7:600c::/48
607,IPv4,200.115.81.0/24
1170,IPv6,2001:13c7:6011::/48
608,IPv4,200.115.82.0/24
1171,IPv6,2001:13c7:6012::/48
578,IPv4,200.14.38.0/24
1166,IPv6,2001:13c7:600b::/48
579,IPv4,200.13.83.0/24
1164,IPv6,2001:13c7:6008::/48
580,IPv4,200.14.74.0/24
1167,IPv6,2001:13c7:600d::/48
879,IPv4,187.16.195.0/24
1012,IPv6,2001:12f8:0:18::/64
609,IPv4, 187.16.197.0/24
1013,IPv6,2001:12f8:0:20::/64
914,IPv4, 187.16.198.0/24
1014,IPv6,2001:12f8:0:21::/64
888,IPv4, 187.16.196.0/24
1327,IPv6, 2001:12f8:0:19::/64
891,IPv4, 187.16.192.0/24
1015,IPv6,2001:12f8:0:15::/64
803,IPv4, 187.16.199.0/24
1016,IPv6,2001:12f8:0:22::/64
887,IPv4,187.16.194.0/24
1017,IPv6,2001:12f8:0:17::/64
819,IPv4,206.126.225.0/24
548,IPv6,2001:504:2f::/64
880,IPv4,218.100.78.0/24
563,IPv6,2001:7fa:11:2::/64
901,IPv4,218.100.54.0/25
562,IPv6,2001:7fa:11:3::/64
1189,IPv4,41.231.21.0/24
1190,IPv6,2001:4350:3000:1::/64
930,IPv4,193.95.1.0/24
472,IPv4,193.95.96.0/24
473,IPv4,193.95.19.0/24
474,IPv4,193.95.66.0/24
475,IPv4,193.95.0.0/24
1206,IPv4,206.41.105.0/24
1227,IPv6,2001:504:3B::/64
1228,IPv6,2001:504:3B:1::/64
483,IPv4,208.157.218.0/24
484,IPv6,2607:F8B8:FFF1:6566
771,IPv4,91.218.4.0/24
849,IPv4,193.156.120.0/24
492,IPv6,2001:7F8:12:2::/64
900,IPv4,193.156.125.0/24
495,IPv6,2001:7F8:12:4::/64
894,IPv4,193.156.93.0/24
494,IPv6,2001:7F8:12:3::/64
782,IPv4,185.1.65.224/27
1538,IPv6,2001:7f8:12:6::/64
783,IPv4,185.1.65.192/27
1539,IPv6,2001:7f8:12:5::/64
776,IPv4,193.110.225.0/24
502,IPv6,2001:7f8:7:c::/64
503,IPv6,2001:7f8:7:2::/64
777,IPv4,193.110.226.0/24
500,IPv6,2001:7f8:7:a::/64
501,IPv6,2001:7f8:7::/64
904,IPv4,192.108.145.0/24
510,IPv4,
1018,IPv6,
734,IPv4,200.75.174.0/24
905,IPv4,206.126.109.0/24
513,IPv6,2001:504:2c::/116
554,IPv4,
518,IPv4,
533,IPv4,218.100.72.0/23
534,IPv6,2001:df0:b1:72::/63
519,IPv4,
530,IPv4,218.100.32.0/24
1019,IPv6,
531,IPv4,218.100.27.0/24
1225,IPv4,218.100.36.0/24
532,IPv6,2001:7fa:f::/48
1224,IPv4,103.22.232.0/24
1226,IPv4,103.22.233.0/22
526,IPv4,206.130.61.0/24
527,IPv6,2001:504:20:81::/64
570,IPv4,206.123.0.0/24
571,IPv6,2001:504:21::/64
528,IPv4,206.123.30.0/24
529,IPv6,2001:504:22:30::/64
1299,IPv4,
542,IPv4,
876,IPv4,185.1.92.0/24
1020,IPv6,2001:7f8:b4::/48
543,IPv4,218.100.52.0/23
544,IPv6,2001:7FA:11:4::/64
546,IPv4,
796,IPv4,185.1.62.0/23
1021,IPv6,2001:7f8:6c::/64
553,IPv4,
551,IPv4,212.121.32.0/19
552,IPv6,
848,IPv4,198.179.18.0/24
611,IPv6,2001:504:2d::18:0/111
812,IPv4,193.218.0.0/24
613,IPv6,2001:67c:29f0::/64
815,IPv4,195.149.232.0/23
561,IPv6,2001:7f8:27::/48
559,IPv4,
1049,IPv6,
884,IPv4,37.49.232.0/24
1022,IPv6,2001:7f8:54:5::/64
654,IPv4,91.216.67.0/24
653,IPv6,2001:7f8:59:0:75::/96
565,IPv4,62.69.146.0/23
564,IPv6,2001:7f8:8:20::/64
566,IPv4,194.54.92.0/25
568,IPv6,7f8:3a:e201::/64
735,IPv4,206.130.0.0/24
738,IPv6,2001:504:2b::/64
567,IPv4,194.54.93.0/25
569,IPv6,7f8:3a:e202::/64
889,IPv4,206.55.196.0/23
1023,IPv6,2001:504:31::/64
573,IPv4,
574,IPv6,
575,IPv4,
731,IPv4,206.130.15.0/24
732,IPv6,2001:504:37:10::/64
915,IPv4,195.66.246.0/24
1279,IPv6,2001:7f8:4:3::
586,IPv4,
587,IPv4,103.104.146.0/24
1611,IPv4,
588,IPv4,
589,IPv4,
590,IPv4,
591,IPv4,
594,IPv4,206.51.42.0/24
704,IPv6,2001:504:13:7::/64
596,IPv4,206.51.46.0/24
595,IPv6,2605:6C00:303:303::/64
597,IPv4,206.51.44.0/24
705,IPv6,2001:504:13:5::/64
598,IPv4,206.51.45.0/24
706,IPv6,2001:504:13:6::/64
599,IPv4,206.51.40.0/24
707,IPv6,2001:504:13:1::/64
600,IPv4,206.51.41.0/24
708,IPv6,2001:504:13:3::/64
818,IPv4,91.213.211.0/24
739,IPv6,2001:7f8:7f::/64
1114,IPv4,206.130.10.0/24
1115,IPv6,
785,IPv4,195.69.117.0/24
1394,IPv4,195.69.118.0/24
786,IPv6,2001:7f8:d:200::/48
1395,IPv6,2001:7f8:d:201::/64
675,IPv4,208.169.85.248/29
1358,IPv6,
772,IPv4,185.1.1.0/24
1353,IPv6,
773,IPv4,196.223.35.0/24
1350,IPv6,
655,IPv4,179.0.30/24
629,IPv6,2801:14:c000::/48
635,IPv4,194.57.253.128/27
636,IPv4,
669,IPv4, 194.57.235.0/24
651,IPv4,206.197.131.11/24
715,IPv4,196.223.4.0/24
716,IPv6,2001:db8::/64
720,IPv4,206.41.104.0/24
931,IPv6,2001:504:39::/64	
741,IPv4,181.188.0.240/28
1364,IPv6,
744,IPv4,
1136,IPv4,41.231.34.0/26
1188,IPv6,2001:4350:3001::/64
765,IPv4,200.107.83.128/25
766,IPv6,2801:1d:a000:1::/64
922,IPv4,187.16.203.0/24
1024,IPv6,2001:12f8:0:26::/64
917,IPv4,187.16.202.0/24
1025,IPv6, 2001:12f8:0:25::/64
919,IPv4,187.16.200.0/24
1328,IPv6, 2001:12f8:0:23::/64
1079,IPv4,206.126.240.0/24
1080,IPv6,2001:504:34:1::/64
965,IPv4,196.223.34.0/24
1344,IPv6,
932,IPv4,
933,IPv6,
992,IPv4,206.41.107.0/24
993,IPv6,2001:504:3E::/64
997,IPv4, 185.1.66.0/26
1285,IPv6, 2001:7f8:34::/64
1026,IPv4,204.107.122.0/25
1027,IPv6,2001:19e0:ffff::/64
1029,IPv4,
1030,IPv4,
1031,IPv4,
1032,IPv4,200.115.83.0/24 
1172,IPv6,2001:13c7:6013::/48
1033,IPv4,
1034,IPv4,200.115.85.0/24
1253,IPv6,2001:13c7:6015::/48
1035,IPv4,200.115.84.0/24
1254,IPv6,2001:13c7:6014::/64
1036,IPv4,
1037,IPv4,
1038,IPv4,
1039,IPv4,
1040,IPv4,
1041,IPv4,
1042,IPv4,
1043,IPv4,
1051,IPv4,200.219.140.0/24
1052,IPv6,2001:12f8:0:4::/64
1053,IPv4, 187.16.201.0/24
1054,IPv6, 2001:12f8:0:24::/64
1056,IPv4,
1057,IPv6,
1059,IPv4,
1060,IPv6,
1061,IPv4,103.203.158.0/23
1062,IPv6,2403:c780:b800:bb00::/64
1065,IPv4,
1066,IPv6,
1067,IPv4,196.223.40.0/24
1342,IPv6,
1210,IPv4,196.13.207.128/26
1068,IPv4,196.10.141.0/24
1276,IPv6,2001:43f8:6d2::/64
1069,IPv4,206.41.106.0/24
1070,IPv6,
1072,IPv4,103.27.170.0/24
1345,IPv6,2401:7500:fff6::/64
1073,IPv4,
1074,IPv4,201.131.204.0/26
1075,IPv6,2806:239::/64
1076,IPv4,
1153,IPv6,
1077,IPv4,206.108.115.0/24
1300,IPv6,2001:504:38:1::/64
1082,IPv4,196.11.234.0/24
1083,IPv6,2001:43f8:09d0::/48
1084,IPv4,
1085,IPv4,218.100.80.0/22
1086,IPv6,2001:de8:17::/48
1087,IPv4,
1088,IPv6,
1089,IPv4,198.32.181.0/24
1437,IPv6,2001:504:d:80::/64
1090,IPv4,
1091,IPv6,
1092,IPv4,193.34.197.128/25
1093,IPv6,2001:7f8:6d::/64
1094,IPv4,
1095,IPv6, 2001:7f8:92::/64
1096,IPv4, 185.1.18.0/24
1097,IPv6, 2001:67c:2b9c::/48
1098,IPv4,58.84.254.0/23
1099,IPv6,
1100,IPv4,
1101,IPv4,91.232.229.0/24
1102,IPv6,2001:7f8:66::/64
1103,IPv4,
1104,IPv6,
1105,IPv4,
1106,IPv6,
1107,IPv4,
1108,IPv6,
1110,IPv4,
1111,IPv6,
1112,IPv4,193.28.6.0/24
1113,IPv6, 2001:7f8:82::/64
1116,IPv4,
1117,IPv4,203.159.68.0/23
1118,IPv6,2001:deb:0:68::/64
1119,IPv4,91.240.225.0/24
1120,IPv4,193.201.116.128/26
1122,IPv6,2001:67c:5e8::/48
1121,IPv4,
1123,IPv4,198.32.146.0/24
1124,IPv6,2001:504:a::/64
1125,IPv4,
1126,IPv4,204.228.158.0/24
1127,IPv6,2607:fa18:1:f00::/64
1128,IPv4,
1129,IPv4,206.53.201.0/24
1130,IPv6,2001:504:60::/64
1131,IPv4,198.32.132.0/24
1132,IPv6,2001:478:132::/48
1134,IPv4,206.223.125.0/24
1135,IPv6,2001:504:29::/48
1137,IPv4,
1140,IPv4,206.41.109.0/24
1141,IPv6,2001:504:3F::/64
1142,IPv4,43.243.22.0/23
1143,IPv6,2001:dea:0:40::/64
1144,IPv4,43.243.21.0/24
1145,IPv6,2001:7fa:11:6::/64
1146,IPv4,196.223.41.0/24
1147,IPv6,2001:43f8:a10::/64
1148,IPv4,206.53.140.0/24
1149,IPv6,2001:504:46::/48
1151,IPv4,206.41.110.0/24
1152,IPv6,2001:504:41:110::/64
1154,IPv4,196.216.150.0/24
1157,IPv4,196.216.151.0/24
1158,IPv4,196.216.149.0/24
1159,IPv4,196.223.39.0/24
1160,IPv4,
1161,IPv4,185.1.33.0/24
1367,IPv6,2001:7f8:90::/64
1162,IPv4,185.1.46.0/24
1340,IPv6, 2001:7f8:32::/64
1173,IPv4,206.53.139.0/24
1174,IPv6,2001:504:45:f3e8::0/64
1177,IPv4,185.1.40.0/24
1178,IPv6,2001:7F8:98::/64
1180,IPv4,206.53.137.0/24
1181,IPv6,2001:504:44::/64
1182,IPv4,185.1.47.0/24
1576,IPv6,2001:7f8:36::/64
1183,IPv6, 2001:7f8:36::/64
1184,IPv4,185.1.48.0/24
1185,IPv6,2001:7f8:3f::/64
1186,IPv4,185.1.43.0/24
1187,IPv6,2001:7f8:11::0/64
1196,IPv4,196.223.44.0/24
1347,IPv6, 2a06:5600::/48
1197,IPv4,202.165.202.187
1198,IPv4,194.254.208.158/27
1199,IPv4,206.126.235.0/26
1200,IPv6,2001:504:33::0/64
1477,IPv4,206.53.175.0/24
1478,IPv6,2001:504:58::/64
1201,IPv4,
1292,IPv4,181.210.17.0/24
1203,IPv4,
1204,IPv4,209.124.52.0/24
1205,IPv6,2067:f790:100::0/64
1207,IPv4,103.7.144.0/24
1208,IPv6,2001:de8:1d::0/64
1237,IPv4,206.53.200.0/24
1238,IPv6,2001:504:59::/64
1211,IPv4,
1212,IPv4,
1547,IPv4,196.60.50.0/24
1629,IPv6,2001:43f8:0:400::/64
1213,IPv4,196.60.0.0/24
1630,IPv6,2001:43f8:0:200::/64
1214,IPv4,
1215,IPv4,185.1.54.0/24
1216,IPv4,2001:7f8:95::/48
1359,IPv4,103.41.12.0/22
1360,IPv6,2001:ded::/48
1323,IPv4, 103.26.68.0/23
1348,IPv6,2001:dea:0:10::/64
1297,IPv4,
1217,IPv4,10.31.2.0/24
1218,IPv4,185.1.58.0/24
1335,IPv6, 2001:7f8:9e::/64
1219,IPv4,185.154.168.0/23
1220,IPv4,194.57.253.128/27
1221,IPv4,196.60.2.0/24
1222,IPv6,2001:43f8:c0::/48
1223,IPv4,196.223.24.0/24
1230,IPv4,103.216.40.0/23
1229,IPv6,2404:E780:F872:A::/64
1231,IPv4,206.71.140.0/24
1472,IPv6,2001:504:76::/48
1232,IPv4,196.60.40.0/24
1233,IPv4,196.223.38.0/24
1334,IPv6, 2001:43f8:9c0:1000::/64
1234,IPv4,
1235,IPv4,200.23.206.0/24
1331,IPv6,2801:14:9000::/64
1305,IPv4,206.53.172.0/24
1306,IPv6,2606:a980:0:5::/64
1236,IPv4,
1241,IPv4,185.1.71.0/25
1243,IPv4,185.1.71.128/25
1242,IPv6,2001:7f8:a2::/50
1244,IPv6,2001:7f8:a2:4000::/50
1245,IPv6,2001:7f8:a2:8000::/50
1246,IPv4,206.53.202.0/24
1247,IPv6,2001:504:61::/48
1248,IPv4,185.1.68.0/24
1249,IPv6,2001:7f8:a0::/48
1255,IPv4,138.204.244.0/24
1256,IPv6,2001:13c7:6016::/64
1257,IPv4,200.115.80.0/24
1258,IPv6,2001:13c7:6010::/64
1259,IPv4,138.204.245.0/24
1260,IPv6,2001:13c7:6017::/64
1261,IPv4,138.204.246.0/24
1262,IPv6,2001:13c7:6018::/64
1263,IPv4,138.204.248.0/24
1264,IPv6,2001:13c7:6020::/64
1265,IPv4,138.204.247.0/24
1266,IPv6,2001:13c7:6019::/64
1269,IPv4,138.204.250.0/24
1270,IPv6, 2001:13c7:6022::/64
1267,IPv4,
1268,IPv6,
1271,IPv4,201.217.14.0/24
1354,IPv6,
1277,IPv4,103.74.224.0/24
1278,IPv6,2001:ded:8000::/48
1280,IPv4,223.31.200.0/24
1281,IPv6,2001:e48:44:100b::/64
1282,IPv4,170.246.67.0/24
1283,IPv6,
1287,IPv4,
1288,IPv4,213.162.194.0/24
1289,IPv6,2a02:23a0:1111:9999::/64
1290,IPv4,196.60.6.0/24
1291,IPv6,2001:43f8:d70::/48
1293,IPv4,
1294,IPv6,
1295,IPv4,103.129.62.0/26
1296,IPv6,2001:dea:4000::/64
1298,IPv4,
1301,IPv4,206.53.170.0/24
1302,IPv6,2606:a980:0:3::/64
1303,IPv4,103.26.70.0/24
1304,IPv6,2001:dea:0:20::/64
1307,IPv4,103.26.71.0/24
1308,IPv6,2001:dea:0:30::/64
1309,IPv4,202.12.243.0/24
1310,IPv6,2001:dea:0:50::/64
1311,IPv4,170.82.113.0/27
1312,IPv4,
1313,IPv4,
1314,IPv4,
1318,IPv4,192.168.51.0/30
1320,IPv4, 206.71.137.0/24
1444,IPv6,2001:504:73::/128
1321,IPv4,206.71.11.0/24
1322,IPv6,2001:504:69::/48
1370,IPv4,
1371,IPv4,
1372,IPv4,
1373,IPv4,
1374,IPv4,
1393,IPv6,
1375,IPv4,200.107.255.120/29
1376,IPv4,196.60.42.0/27
1377,IPv4,91.230.210.0/23
1378,IPv4,45.120.248.0/24
1379,IPv6,2001:df2:1900:1::/64
1380,IPv4,89.222.236.0/24
1381,IPv4,185.1.15.0/24
1382,IPv6,2001:7f8:7a::/64
1383,IPv4,91.212.235.0/24
1621,IPv6,2001:7f8:9f::/64
1384,IPv4,185.1.31.0/24
1385,IPv6,2001:7f8:8d::/64
1386,IPv4,185.1.52.0/24
1387,IPv6,2001:7f8:62:52::/64
1388,IPv4,202.78.121.0/24
1389,IPv4,80.94.94.0/23
1390,IPv6,2a06:2340:94::/64
1391,IPv4,103.40.222.0/24
1392,IPv4,43.249.135.0/24
1396,IPv4, 185.1.110.0/24
1397,IPv6,2001:7f8:3c::/48
1398,IPv4,185.1.88.0/24
1399,IPv6,2001:7f8:b0::/64
1400,IPv4,193.106.112.0/23
1401,IPv6,2a00:1b30::/64
1402,IPv4,91.203.127.0/24
1403,IPv6,2001:7f8:77::/64
1407,IPv4,82.117.167.0/25
1404,IPv4, 185.1.74.0/26
1405,IPv6,2001:7f8:a5::/64
1409,IPv4,154.73.42.0/24
1410,IPv4,196.60.44.0/24
1411,IPv6,2001:43f8:310::/48
1413,IPv4,206.71.141.0/24
1412,IPv6,
1414,IPv4,200.219.130.0/24
1415,IPv6, 2001:12f8:0:1::/64
1416,IPv4, 187.16.204.0/24
1417,IPv6,2001:12f8:0:27::/64
1497,IPv4,185.1.100.0/24
1498,IPv6,2001:7f8:bb::/48
1418,IPv4, 185.1.44.0/24
1419,IPv4,
1420,IPv4,185.1.94.0/24
1421,IPv6,2001:7f8:b6::/64
1422,IPv4,45.71.9.0/24
1423,IPv4,206.71.142.0/24
1424,IPv6,2620:3b:6000::/64
1425,IPv4,103.105.218.0/24
1426,IPv6,2001:de8:4000::/64
1427,IPv4, 103.77.108.0/24
1428,IPv6,2001:df2:1900:2::/64
1429,IPv4,206.53.174.0/24
1430,IPv6,2606:a980:0:7::/64
1431,IPv4,103.48.48.0/23
1432,IPv6,2001:def::/48
1433,IPv4,206.53.205.0/24
1434,IPv6,2606:a980:0:9::/64
1435,IPv4,206.53.171.0/24
1436,IPv6,2606:a980:0:4::/64
1438,IPv4,206.53.203.0/24
1439,IPv6,2606:a980:0:8::/64
1440,IPv4,45.120.251.0/24
1441,IPv6,2001:df2:1900:3::/64
1442,IPv4,103.77.110.0/24
1443,IPv6,2001:df2:1900:4::/64
1445,IPv4, 77.241.206.0/24
1446,IPv6,2001:1ab8:8486::/64
1447,IPv4,185.1.109.0/24
1448,IPv6,2001:7f8:c3::/64
1449,IPv4, 185.1.102.0/24
1452,IPv6, 2001:7f8:bd::/64
1450,IPv4, 185.1.104.0/24
1451,IPv6, 2001:7f8:be::/64
1453,IPv4, 185.1.107.0/24
1454,IPv6,2001:7f8:c1::/64
1455,IPv4, 185.1.101.0/24
1456,IPv6, 2001:7f8:bc::/64
1457,IPv4, 185.1.106.0/24
1458,IPv6,2001:7f8:c0::/64
1459,IPv4,196.60.46.0/24
1460,IPv4, 103.103.194.0/24
1632,IPv6,2001:df3:1300::/64
1461,IPv4,185.1.2.0/24
1462,IPv6, 2001:7f8:81::/64
1463,IPv4,178.216.40.0/21
1464,IPv6,2001:7f8:5b::/64
1465,IPv4,89.46.144.0/21
1466,IPv6,2001:7f8:69::/64
1467,IPv4,45.71.10.0/24
1560,IPv4,45.71.8.0/24
1468,IPv4,45.71.11.0/24
1469,IPv4,193.232.244.0/24
1470,IPv6,2001:7f8:20:1101::/64
1577,IPv4,212.138.252.0/23
1473,IPv4,212.26.66.0/23
1515,IPv6,2001:1490:104::/48
1474,IPv4,131.72.77.240/28
1537,IPv4,
1476,IPv4,206.81.105.0/24
1520,IPv6,
1479,IPv4,185.1.112.0/24
1480,IPv6,2001:7f8:83::/64
1481,IPv4,185.1.116.0/24
1482,IPv6,2001:7f8:c7::/64
1483,IPv4,185.1.22.0/24
1484,IPv6,2001:7f8:c6::/64
1485,IPv4,
1488,IPv4,196.60.48.0/24 
1489,IPv6,2001:43f8:0:300::/64
1486,IPv4,103.115.147.0/24
1487,IPv6,2001:de8:c000::/48
1490,IPv4,206.80.234.0/24
1491,IPv6,2001:504:90::/48
1501,IPv4,43.254.31.0/24
1493,IPv6,2001:df0:1a00:8::/64
1492,IPv4,
1494,IPv4,
1495,IPv4,185.1.93.0/24
1496,IPv4,2001:7f8:b5::/48
1499,IPv4,185.1.113.0/24
1500,IPv6,2001:7f8:c4::/64
1502,IPv4,103.111.7.0/24
1503,IPv6,2001:df5:b500::/64
1504,IPv4,163.53.87.0/24
1505,IPv4,
1506,IPv4,206.80.238.0/24
1507,IPv6,2001:504:91::/64
1508,IPv4,183.177.61.0/24
1509,IPv6,2001:de8:6:1::/64
1510,IPv4,103.119.232.0/22
1531,IPv6,2403:4AC0::/32
1559,IPv4,206.82.109.0/24
1511,IPv4,45.120.249.0/24
1512,IPv6,2001:df2:1900:5::/64
1513,IPv4,206.80.239.0/24 
1514,IPv6,2001:504:37:20::/64 
1516,IPv4,2001:de9:4000::/48
1517,IPv6,103.115.192.0/23
1519,IPv4,196.49.38.0/24
1522,IPv4,204.138.0.0/24
1523,IPv4,31.44.186.0/24
1524,IPv4,31.44.187.0/24
1525,IPv4,37.9.49.0/24
1526,IPv4,
1528,IPv4,103.104.19.0/24
1529,IPv6,2401:fdc0::/64
1530,IPv4,185.1.131.0/24
1603,IPv6,2001:7f8:d5::/64
1532,IPv4,185.1.59.0/24
1533,IPv6,2001:7f8:cc::/48
1534,IPv4,103.129.155.0/24
1535,IPv6,2001:df6:7900::/64
1536,IPv4,185.1.123.0/24
1556,IPv6,2001:7f8:ce::/48
1540,IPv4,185.79.213.0/24
1541,IPv4,185.1.69.0/24
1542,IPv6,2001:7f8:18:210::/64
1543,IPv4,45.222.254.0/24
1544,IPv4,185.1.119.0/24
1545,IPv6,2a07:1c44:61f0::/48
1546,IPv4,
1548,IPv6,
1550,IPv4,
1552,IPv4,196.60.54.0/24
1553,IPv4,
1554,IPv4,
1555,IPv4,
1558,IPv4,
1561,IPv4,185.167.180.0/22
1562,IPv6,2a0b:9600::/29
1563,IPv6,2a0c:3b80:415f::/48
1564,IPv4,206.81.104.0/24
1565,IPv6,2602:fed2:fff:ffff::/64
1566,IPv4,192.34.27.0/24
1567,IPv6,2602:ffb1:4000::/48
1568,IPv4,194.54.136.0/24
1569,IPv6,2a0c:c9c0::/64
1570,IPv4,194.54.136.0/24
1571,IPv6,2a0c:c9c0::/64
1572,IPv4,
1573,IPv4,103.8.60.0/24
1582,IPv4,185.1.127.0/24
1597,IPv6,2a0d:f407::/64
1599,IPv4,
1600,IPv4,
1601,IPv6,2a0d:1a47:ffff::/64
1604,IPv6,2a0c:f587:ffff:ffff::/64
1605,IPv4,185.1.124.0/24
1606,IPv6,2001:7f8:cf::/64
1607,IPv4,
1608,IPv4,185.1.126.0/24
1609,IPv4,198.32.72.0/24
1610,IPv6,2001:1a10:cd:2::/64
1612,IPv4,185.1.121.0/24
1613,IPv6,2001:7f8:cb:dcbb::/64
1614,IPv4,
1616,IPv4,200.135.14.128/26
1617,IPv6,fdef:44ad:f2b0:7f59::/64
1618,IPv4,139.28.99.0/28
1619,IPv6,2a09:4c0:ffff::/64
1620,IPv4,
1624,IPv4,103.228.155.0/24
1625,IPv6,2400:d180:68::/64
1626,IPv4,103.228.154.0/24
1627,IPv6,2400:d180:67::/64
1628,IPv4,
1631,IPv4,87.108.41.96/27
1633,IPv4,77.69.248.0/24
1634,IPv4,206.83.12.0/24
1635,IPv6,2001:504:98::/64
1636,IPv4,185.1.105.0/24
1637,IPv6,2001:7f8:bf:1::/64
